ID,Site,ClayThick_ft,ClayThick_m,WGS84x,WGS84y,UTMx,UTMy
1,FISH-01-CPT,20.3,6.19,-88.32632568,40.31353755,387303.0861,4463401.752
2,FISH-02-CPT,29.5,8.99,-88.32705568,40.31340755,387240.8404,4463388.251
3,FISH-03-CPT,19.7,6.00,-88.32693568,40.31319755,387250.6877,4463364.788
4,FISH-04-CPT,16.4,5.00,-88.32650568,40.31319755,387287.2258,4463364.241
5,FISH-05-CPT,22.3,6.80,-88.32739052,40.31319339,387212.0319,4463364.906
6,FISH-06-CPT,18.0,5.49,-88.32680568,40.31339755,387262.0668,4463386.823
7,FISH-07-CPT,21.3,6.49,-88.32681568,40.31362755,387261.5996,4463412.366
8,FISH-08-CPT,22.9,6.98,-88.32736568,40.31359755,387214.8153,4463409.737
